Product,Review,Sentiment,Reply
Smartwatch,I love this smartwatch! It's stylish and has all the features I wanted. Great product!,"Positive 
","We're thrilled to hear you love your new smartwatch! It's great to know you're enjoying its style and features. Thanks for sharing your positive feedback! 
"
Laptop,The monitor is too expensive for the quality it provides. The resolution is not as good as I expected.,"Negative 
","We appreciate your honest feedback. We strive to provide the best quality and value for our products.  Could you please tell us more about your experience with the monitor's resolution? We'd like to understand your concerns better. 
"
Monitor,unable to use this laptop wants to return this,"Negative 
","We're very sorry to hear you're having trouble with your laptop.  Please contact our customer support team so we can help resolve this issue and assist with your return. 
"
Laptop,I like the features on this pc. I dont mind on the storage space i got a pendrive for than. The battery stays over eight hours.,"Positive 
","Thanks for your positive review! We're glad you're enjoying the features and battery life of your new PC.  It's great to hear you've found a solution for the storage space. 
"
Television, The product is good but it mave have been better in terms of fit and finish,"Neutral 
","Thank you for your feedback! We appreciate your honest opinion. We're always looking for ways to improve our products and we'll take your comments about fit and finish into consideration. 
"
